{"image_size": [4032, 3040], "is_fisheye": false, "cm1": [[2515.4715514700497, 0.0, 2096.243455797501], [0.0, 2517.2920145537805, 1384.6402393048288], [0.0, 0.0, 1.0]], "cd1": [[0.03978512336104321, -0.1452962822715917, -0.0001987813053499002, -0.00013011482442296953, 0.12032268563304563]], "cm2": [[2522.2326553073754, 0.0, 1955.7230417838189], [0.0, 2523.8949725769007, 1613.8923368992935], [0.0, 0.0, 1.0]], "cd2": [[0.03241524959119625, -0.12971333616980119, 0.0001362029653398605, 0.0004061343079967328, 0.10666988873940637]], "R": [[0.9999977158291014, 0.0013864450046484481, 0.001626685842113679], [-0.0013629495687552224, 0.9998960037399306, -0.014357021745112452], [-0.0016464218939499307, 0.014354771860454182, 0.9998956094611984]], "T": [[-200.35549167865486], [-0.25770781693771166], [-1.2852546315140367]]}