{
    "image_size": [
        4032,
        3040
    ],
    "is_fisheye": false,
    "cm1": [
        [
            2538.520201493674,
            0.0,
            2051.050760075861
        ],
        [
            0.0,
            2539.4988674510296,
            1506.8039266078001
        ],
        [
            0.0,
            0.0,
            1.0
        ]
    ],
    "cd1": [
        [
            0.016697373146559273,
            -0.09247932739915761,
            -0.0001981939510946241,
            -0.0005920192971621913,
            0.07493287996084647
        ]
    ],
    "cm2": [
        [
            2535.8536429078526,
            0.0,
            2007.009807607607
        ],
        [
            0.0,
            2537.9909953473702,
            1469.5279979344152
        ],
        [
            0.0,
            0.0,
            1.0
        ]
    ],
    "cd2": [
        [
            0.016070097615226046,
            -0.08992989031980013,
            -0.0005280686412398796,
            -0.0002997770119204217,
            0.07211547327446602
        ]
    ],
    "R": [
        [
            0.9999660487091458,
            0.007896860906644413,
            -0.0023539364560651553
        ],
        [
            -0.007896838850285115,
            0.9999688193077899,
            1.8664328199268472e-05
        ],
        [
            0.002354010448300742,
            -7.503766385882794e-08,
            0.9999972293135635
        ]
    ],
    "T": [
        [
            -200.33345507200042
        ],
        [
            0.09610780798500007
        ],
        [
            -0.7598811433275082
        ]
    ]
}