{
    "image_size": [
        4032,
        3040
    ],
    "is_fisheye": false,
    "cm1": [
        [
            2533.5361101365775,
            0.0,
            2054.5181517565566
        ],
        [
            0.0,
            2534.1678192588015,
            1508.2401209723514
        ],
        [
            0.0,
            0.0,
            1.0
        ]
    ],
    "cd1": [
        [
            0.024556081348451313,
            -0.120599691763401,
            -8.741944286190085e-05,
            -0.0003109553375394796,
            0.1014761382638189
        ]
    ],
    "cm2": [
        [
            2529.373192270758,
            0.0,
            2057.0855110736893
        ],
        [
            0.0,
            2530.9556182289152,
            1459.6604857509772
        ],
        [
            0.0,
            0.0,
            1.0
        ]
    ],
    "cd2": [
        [
            0.021077144986624555,
            -0.10724379536623464,
            -0.00041224537865212094,
            -8.522009186072615e-05,
            0.08698650745286077
        ]
    ],
    "R": [
        [
            0.9999846631111272,
            0.003368981486741764,
            0.0043958510287936195
        ],
        [
            -0.0033673488239766673,
            0.9999942587355305,
            -0.00037875833261576255
        ],
        [
            -0.0043971018208608294,
            0.00036395015984907775,
            0.9999902664705582
        ]
    ],
    "T": [
        [
            -199.91530813654802
        ],
        [
            -0.5056740528760779
        ],
        [
            0.32356345007953313
        ]
    ]
}