{"image_size": [4032, 3040], "is_fisheye": false, "cm1": [[2524.9533528518696, 0.0, 2034.2739796417502], [0.0, 2526.67689539373, 1483.8543135052957], [0.0, 0.0, 1.0]], "cd1": [[0.03557162341627507, -0.13450843549365363, 0.0003069998643956045, -0.0003970565079625172, 0.10966544754183549]], "cm2": [[2516.372616871837, 0.0, 1994.440475652427], [0.0, 2517.398515863619, 1481.775246485729], [0.0, 0.0, 1.0]], "cd2": [[0.0405270111806335, -0.14146260254461546, -0.0002780163491854553, 0.00020731422903385452, 0.11068738555941283]], "R": [[0.9999626717147979, -0.008203546163774056, 0.0027123803829917636], [0.00824251531785214, 0.9998582328231674, -0.014682479251397984], [-0.0025915474601448836, 0.014704288016479664, 0.9998885276848066]], "T": [[-200.13875307227025], [-1.8045089868744517], [-1.0735956145049712]]}