{"image_size": [4032, 3040], "is_fisheye": false, "cm1": [[2528.1632895664616, 0.0, 2059.8887813795413], [0.0, 2527.8898569373837, 1528.150488799718], [0.0, 0.0, 1.0]], "cd1": [[0.013912830535338467, -0.08501762637385134, -0.00033447695504634604, 0.0002033780297440205, 0.06578986033488861]], "cm2": [[2529.11278411377, 0.0, 2056.832396896941], [0.0, 2530.948903634972, 1454.7588948308558], [0.0, 0.0, 1.0]], "cd2": [[0.017037815989370653, -0.08649969461837978, -0.00022909671605885387, 0.0006802744609491844, 0.06396177858839187]], "R": [[0.9999971207664797, -0.000293104517869166, 0.0023817112528833656], [0.00029799453045349585, 0.999997848078924, -0.002053055474422762], [-0.0023811043677937275, 0.0020537593001231074, 0.9999950561951427]], "T": [[-199.98616481118063], [-1.6167299032989895], [-0.40256932273577833]]}